relpath,sha1,size,mtime,mime
conv_test,c66a3c03a317cafe05aa884d4248876dc91dc956,1011320,2025-04-10 13:05:12.892448,application/x-pie-executable
DISCUSSION.md,c7f2b9e4aab0ec6482e659bc4eef1a85045c7d54,16394,2025-05-01 13:34:27.524254,text/plain
AI.md,b3dcf40fbee06b93e1b2c8e8b993455a1eb23b8f,15163,2025-05-01 13:34:25.758421,text/plain
RESEARCH.md,48d1ae7431c41d201d7e53b39ee3e08af576b35f,34317,2025-05-01 13:23:08.803588,text/plain
Makefile.original_v4_v5,5bf51fbdc1689763f4a776c8585f6e27da8bbf63,667,2025-04-22 01:31:04.841472,text/x-makefile
README.md,4443f1ab33136994968f5d2636fe5e9849c7775f,20510,2025-05-01 13:35:15.605903,text/plain
PROBLEMS.txt,9e7cf7a0d58920cf1456bae2e8a847d108319630,22735,2025-05-01 13:52:20.144563,text/plain
docs/1_M4jjkOPxvOYNk8f1c7rOcQ.png,820e14c94d700d35387b9e26f119c511b7028437,220083,2025-05-01 13:35:15.605903,image/png
docs/AlexNet_MPI_CUDA_Design.md,aae900bdc8f76c5a3f5e7a3c87d00831afd1dfe0,2457,2025-04-10 12:52:50.318693,text/plain
v1_serial/Makefile,a98c6d9bda1b00f4242f6d2427beed9b7035a0b1,771,2025-04-22 02:10:11.254236,text/x-makefile
v1_serial/template,f5ba440e2c7d580f53918a0e567564d765e51a93,35536,2025-05-09 11:58:10.576957,application/x-pie-executable
v4_mpi_cuda/.clang-tidy,4d2f618381c16bd21e1aa714b7d014976786c48d,711,2025-04-29 19:59:36.957490,text/plain
v4_mpi_cuda/test_v4.sh,283e7629befd6df131c27604f6de5fa0e4c6be96,5827,2025-05-05 11:29:46.999119,text/x-shellscript
v4_mpi_cuda/Makefile,5186fd684ba78a674e2490906660febd7df6bbb5,2560,2025-05-09 11:58:06.713176,text/x-makefile
v4_mpi_cuda/template,8e1976d2540cd81b0d44ad933d5455c278139d7b,179480,2025-05-09 11:58:32.496049,application/x-pie-executable
old_logs/make_v2_2.2_scatter_halo_np2.log,d5d09db9ed732a07939d61d4d9d083d408d69e1b,494,2025-05-09 10:48:38.921732,text/plain
old_logs/make_v2_2.1_broadcast_all_np2_20250506_142151.log,23b3a589b16d86421368bc515f759192cd211667,534,2025-05-09 10:47:28.262221,text/plain
old_logs/final_project_v4_np2_20250506_160835.log,6fd55e17ad7fc5da2c6951e1dd2c5958424a7f19,195,2025-05-09 10:47:28.262221,text/plain
old_logs/make_v2_2.1_broadcast_all_np1_20250506_142151.log,23b3a589b16d86421368bc515f759192cd211667,534,2025-05-09 10:47:28.262221,text/plain
old_logs/final_project_v2_2.1_broadcast_all_np1_20250506_160835.log,c5aac24f20c810a8bb546d11c1853073a1f8fa35,98,2025-05-09 10:47:28.262221,text/plain
old_logs/final_project_v2_2.2_scatter_halo_np1.log,63c318c4a6f6522f58491efbbf115a776b340169,99,2025-05-09 10:48:36.375899,text/plain
old_logs/final_project_v4_np1_20250506_142151.log,35430a65f9381b071d7aad83d21870743c6b91eb,196,2025-05-09 10:47:28.262221,text/plain
old_logs/final_project_v2_2.2_scatter_halo_np1_20250506_142151.log,8874c6952b8cf8a20d0b3388501ddfb0fa76f086,99,2025-05-09 10:47:28.262221,text/plain
old_logs/make_v3_20250506_160835.log,a08cf38fc1f6bf55e9bbc2df95c3be87b9d2fbd1,367,2025-05-09 10:47:28.272221,text/plain
old_logs/make_v2_2.1_broadcast_all_np2.log,23b3a589b16d86421368bc515f759192cd211667,534,2025-05-09 10:48:23.305051,text/plain
old_logs/make_v2_2.1_broadcast_all_np4_20250506_160835.log,23b3a589b16d86421368bc515f759192cd211667,534,2025-05-09 10:47:28.262221,text/plain
old_logs/success_summary.png,fa257eb67deed5efa5fea117bb127d030bb27214,51870,2025-05-09 10:47:28.272221,image/png
old_logs/v1.log,c84bfb518446ca381d035c4fb359c337a043d689,895,2025-05-09 10:47:28.272221,text/plain
old_logs/make_v2_2.2_scatter_halo_np4_20250506_142151.log,d5d09db9ed732a07939d61d4d9d083d408d69e1b,494,2025-05-09 10:47:28.262221,text/plain
old_logs/final_project_v2_2.2_scatter_halo_np4_20250506_160835.log,12424fcd73f9b8afccd36b8b189ffc8f62ad2175,215,2025-05-09 10:47:28.262221,text/plain
old_logs/make_v4_20250506_142151.log,363ee91751f21600055706a266effce475f80b71,1978,2025-05-09 10:47:28.272221,text/plain
old_logs/final_project_v4_np2_20250506_142151.log,a72307049d0e168a79d3786dc3cb82e36fc1df02,195,2025-05-09 10:47:28.262221,text/plain
old_logs/make_v2_2.1_broadcast_all_np2_20250506_160835.log,23b3a589b16d86421368bc515f759192cd211667,534,2025-05-09 10:47:28.262221,text/plain
old_logs/make_v2_2.2_scatter_halo_np4.log,d5d09db9ed732a07939d61d4d9d083d408d69e1b,494,2025-05-09 10:48:42.117566,text/plain
old_logs/final_project_v3_np1.log,3062bed96acd082f185e1312b49a23d340a35db8,92,2025-05-09 10:48:48.834232,text/plain
old_logs/final_project_v1_np1.log,9faedf5790cb1aff87b74937d0be196a7766524e,893,2025-05-09 10:48:16.480051,text/plain
old_logs/final_project_v2_2.1_broadcast_all_np2_20250506_142151.log,286deaed7c8e9108ec42e8252391a9fffd78b574,99,2025-05-09 10:47:28.262221,text/plain
old_logs/make_v2_2.1_broadcast_all_np4.log,23b3a589b16d86421368bc515f759192cd211667,534,2025-05-09 10:48:26.695885,text/plain
old_logs/make_v3_20250506_142151.log,a08cf38fc1f6bf55e9bbc2df95c3be87b9d2fbd1,367,2025-05-09 10:47:28.272221,text/plain
old_logs/performance_np1_comparison.png,7de3b2c0f4b70df96e824cc33bcd67c5991f7444,27164,2025-05-09 10:47:28.272221,image/png
old_logs/make_v2_2.1_broadcast_all_np4_20250506_142151.log,23b3a589b16d86421368bc515f759192cd211667,534,2025-05-09 10:47:28.262221,text/plain
old_logs/make_v2_2.2_scatter_halo_np1_20250506_160835.log,d5d09db9ed732a07939d61d4d9d083d408d69e1b,494,2025-05-09 10:47:28.262221,text/plain
old_logs/run_summary_20250506_160835.csv,6b63967a06dce7cdf9187bdb6458f1bd6468ccb3,1483,2025-05-09 10:47:28.272221,text/csv
old_logs/make_v2_2.2_scatter_halo_np4_20250506_160835.log,d5d09db9ed732a07939d61d4d9d083d408d69e1b,494,2025-05-09 10:47:28.262221,text/plain
old_logs/final_project_v2_2.2_scatter_halo_np1_20250506_160835.log,40237d124243895c696dc19da2b31d3ec34e86b8,99,2025-05-09 10:47:28.262221,text/plain
old_logs/correctness_sample_comparison.png,9281954956fbd2e4ea257504e2424dd8e60b1205,58836,2025-05-09 10:47:28.262221,image/png
old_logs/make_v1_20250506_160835.log,6fc0d870f93c28cc5a8269198e47d12cbfa580a8,353,2025-05-09 10:47:28.262221,text/plain
old_logs/make_v4.log,1f569e2c90d7c0a1fb49ff721ce0b2f52264fdbb,5253,2025-05-09 10:48:57.143399,text/plain
old_logs/final_project_v1_np1_20250506_142151.log,99dedf3536a4049afccb7e1fbae870742f8e9e55,891,2025-05-09 10:47:28.262221,text/plain
old_logs/final_project_v2_2.2_scatter_halo_np2_20250506_142151.log,8c3dc5e355c8b5fe5839e1e43a496861e98af61a,215,2025-05-09 10:47:28.262221,text/plain
old_logs/final_project_v2_2.1_broadcast_all_np2_20250506_160835.log,9e3d2e8e08fab4b807ef1943bdb645ea4c12482c,99,2025-05-09 10:47:28.262221,text/plain
old_logs/summary_nixos_20250508_182322.csv,24072e0d392ca317f896a10f68e186835d8fb276,86,2025-05-09 10:47:28.272221,text/plain
old_logs/final_project_v3_np1_20250506_142151.log,1e49953f0041054b6f9b23e1672d83bd3124a2e8,161,2025-05-09 10:47:28.262221,text/plain
old_logs/make_v2_2.1_broadcast_all_np1_20250506_160835.log,23b3a589b16d86421368bc515f759192cd211667,534,2025-05-09 10:47:28.262221,text/plain
old_logs/final_project_v4_np4_20250506_142151.log,1db30b7a6087736dae4e755d8909d7da74a10cbb,195,2025-05-09 10:47:28.262221,text/plain
old_logs/final_project_v4_np4_20250506_160835.log,15d69beeb25d2177f64aea295547a2a29ffebf9a,195,2025-05-09 10:47:28.262221,text/plain
old_logs/final_project_v2_2.2_scatter_halo_np4_20250506_142151.log,060cb634b40d677b5d7198dfeecb2caa0e289315,215,2025-05-09 10:47:28.262221,text/plain
old_logs/make_v1_20250506_142151.log,6fc0d870f93c28cc5a8269198e47d12cbfa580a8,353,2025-05-09 10:47:28.262221,text/plain
old_logs/final_project_v2_2.1_broadcast_all_np4_20250506_142151.log,4b2e58e84b8f75b64eddfc3dc3afb0f262113457,99,2025-05-09 10:47:28.262221,text/plain
old_logs/final_project_v2_2.2_scatter_halo_np2.log,3ba2c1f1c79e428c1e5e445b4ee5f78794ed12fd,215,2025-05-09 10:48:39.950899,text/plain
old_logs/make_v3.log,b893a4214ee45d3fdd20d0fde6f7818206487e64,1115,2025-05-09 10:48:46.775899,text/plain
old_logs/performance_v2.png,b6720f232b3e3b7479c441fb5c7ff0aa452124c4,65916,2025-05-09 10:47:28.272221,image/png
old_logs/final_project_v4_np4.log,3d55dab87191a78724dcbc67da0a70ac64ab9835,921,2025-05-09 10:49:02.354232,text/plain
old_logs/final_project_v2_2.1_broadcast_all_np2.log,870a6289645dc31a057fc42bb4ba95390a9583ad,99,2025-05-09 10:48:25.092551,text/plain
old_logs/make_v2_2.2_scatter_halo_np1_20250506_142151.log,d5d09db9ed732a07939d61d4d9d083d408d69e1b,494,2025-05-09 10:47:28.262221,text/plain
old_logs/performance_v4.png,4b611ce8a91f834e73f2d87351e86b0f326dec5b,60716,2025-05-09 10:47:28.272221,image/png
old_logs/generate_graphs.py,336e01c47329abd9c46d171768dc27785d974612,7640,2025-05-09 10:47:28.262221,text/x-script.python
old_logs/final_project_v4_np2.log,0440f1c0d7e80109b7eb83e1464dd5cc69013c7f,758,2025-05-09 10:49:00.859232,text/plain
old_logs/run_summary_20250506_142151.csv,be189d1c6cf6dabfec257e7760f37607a1173da0,1481,2025-05-09 10:47:28.272221,text/csv
old_logs/final_project_v3_np1_20250506_160835.log,d0f2844be5035a529a4c3974763d9dc07a38aee8,162,2025-05-09 10:47:28.262221,text/plain
old_logs/make_v1.log,6fc0d870f93c28cc5a8269198e47d12cbfa580a8,353,2025-05-09 10:48:15.678385,text/plain
old_logs/make_v4_20250506_160835.log,363ee91751f21600055706a266effce475f80b71,1978,2025-05-09 10:47:28.272221,text/plain
old_logs/make_v2_2.2_scatter_halo_np1.log,d5d09db9ed732a07939d61d4d9d083d408d69e1b,494,2025-05-09 10:48:36.131718,text/plain
old_logs/final_project_v2_2.1_broadcast_all_np1.log,8b7c80fa1fe61180c7c58bfb4d9fa07473e91173,99,2025-05-09 10:48:21.517551,text/plain
old_logs/final_project_v4_np1.log,2e3a60cdb3ea9ef843c13eb5ebdd2f8a92dbba2d,481,2025-05-09 10:48:58.378398,text/plain
old_logs/final_project_v2_2.1_broadcast_all_np4.log,314ccd5f7e71030ee04eb392ecc97b0f37d499eb,99,2025-05-09 10:48:29.263385,text/plain
old_logs/final_project_v1_np1_20250506_160835.log,813d6bd6e2fee8e76ffbf1e449615c458071f963,894,2025-05-09 10:47:28.262221,text/plain
old_logs/final_project_v2_2.1_broadcast_all_np4_20250506_160835.log,d44bbf7a48e2459bf432fe5543643a80a02ee02b,99,2025-05-09 10:47:28.262221,text/plain
old_logs/final_project_v2_2.2_scatter_halo_np4.log,4b2124c31049d1cf6cb35fb1809dc13248930a43,215,2025-05-09 10:48:43.460899,text/plain
old_logs/make_v2_2.1_broadcast_all_np1.log,23b3a589b16d86421368bc515f759192cd211667,534,2025-05-09 10:48:18.083385,text/plain
old_logs/final_project_v2_2.1_broadcast_all_np1_20250506_142151.log,612bd6ba884ad56ec289bf8a01818d7dc15c909b,99,2025-05-09 10:47:28.262221,text/plain
old_logs/final_project_v4_np1_20250506_160835.log,7dd7f91f16f17b140c98c4fd3f1c01f3e964a52b,196,2025-05-09 10:47:28.262221,text/plain
old_logs/final_project_v2_2.2_scatter_halo_np2_20250506_160835.log,56ea97af8c95477dca5d66c306753e25997cc3ac,215,2025-05-09 10:47:28.262221,text/plain
old_logs/make_v2_2.2_scatter_halo_np2_20250506_160835.log,d5d09db9ed732a07939d61d4d9d083d408d69e1b,494,2025-05-09 10:47:28.262221,text/plain
old_logs/make_v2_2.2_scatter_halo_np2_20250506_142151.log,d5d09db9ed732a07939d61d4d9d083d408d69e1b,494,2025-05-09 10:47:28.262221,text/plain
v3_cuda_only/Makefile,9f0c13eecc1d7b6cc450407bd9c2fc7abdcfe877,2189,2025-05-09 11:17:56.442870,text/x-makefile
v3_cuda_only/template,7f8a1ea6cbecd440d5d8723a678018a1c8559ba4,56480,2025-05-09 11:58:26.434957,application/x-pie-executable
v5_cuda_aware_mpi/Makefile,da39a3ee5e6b4b0d3255bfef95601890afd80709,0,2025-04-24 10:59:13.145731,inode/x-empty
logs/summary_20250509_105320_DESKTOP-B5PMJB5.csv,116fb8bad22d1b77217879c07c5598d7cacaf417,4340,2025-05-09 10:53:47.743105,text/csv
logs/summary_20250508_185059_nixos.csv,145cbc86930126f6880d5f3600ec9589bd7442ea,3865,2025-05-09 10:47:28.262221,text/csv
logs/summary_multi_20250509_122238.csv,1013ddcef37ce17689ad201ed31f7ece7fff8536,478,2025-05-09 16:17:49.383529,text/csv
logs/summary_20250509_112555_DESKTOP-B5PMJB5.csv,147ef41db242db7c1f03e8870823888edd842581,4303,2025-05-09 11:26:24.210536,text/csv
logs/summary_20250509_115507_nixos.csv,4fdf7e79b5ddfe8e43ed2de4e6953ac56f59ba74,3865,2025-05-09 11:58:06.713176,text/csv
logs/summary_multi_20250509_123153.csv,403db55214fc284e1da10e918ead49f8e662df78,485,2025-05-09 16:17:49.383529,text/csv
logs/summary_20250509_115808_DESKTOP-B5PMJB5.csv,29704f16b53f0b3c3d20d3edeb3ef49f169db698,4305,2025-05-09 11:58:35.262021,text/csv
logs/summary_20250508_183926_nixos.csv,01ad35413d901f8153ce7b68400b51d70dfeecd9,3864,2025-05-09 11:58:06.713176,text/csv
logs/summary_20250509_114103_nixos.csv,5e8588dd3591cf5f2af9e718f3807fef12faf313,3901,2025-05-09 11:58:06.713176,text/csv
logs/summary_fullsuite_20250509_124616.csv,d1191661a97f84a51ce0261b0313f0193af15fab,3144,2025-05-09 16:17:49.383529,text/csv
logs/summary_20250509_115115_nixos.csv,ae4349eb721a140310f7e711b4eae8fa25aed581,3900,2025-05-09 11:58:06.713176,text/csv
logs/final_project_v4_np4.log,13d7c695eca623a77d693d537b111b977a6bb7ac,195,2025-05-05 11:46:39.451276,text/plain
logs/final_project_v4_np2.log,3055d222d6ccb54eab189840c16933477736d47e,195,2025-05-05 11:46:38.340276,text/plain
logs/summary_fullsuite_20250509_124206.csv,e833f94f92a8a9cfbefcf0f550d01b3dbbb72ee1,972,2025-05-09 16:17:49.383529,text/csv
logs/summary_20250508_184638_nixos.csv,8de4db6547cd28c01773abaa99edbb60a3b77785,3867,2025-05-09 11:58:06.713176,text/csv
logs/final_project_v4_np1.log,cd43d1913f65901e782820d4e4832b60e20762d1,196,2025-05-05 11:46:37.328276,text/plain
logs/summary_20250508_185132_nixos.csv,18a69b62e851c418eb7eaa786bc985c20caf93fc,3865,2025-05-09 10:47:28.262221,text/csv
logs/summary_20250509_105256_nixos.csv,79edca2b21d9ebe9742e2eff96c4aa6ece0ac42d,3863,2025-05-09 11:58:06.713176,text/csv
v1_serial/include/layers.hpp,513f08b701f0da4a42ab66d94d3bae9c9f9b880c,1337,2025-04-22 02:09:45.996870,text/x-c
v1_serial/include/alexnet.hpp,787dfce6bbb5cbf9b3a3f5e5baed91a4622e0d0a,1351,2025-04-22 02:09:46.878978,text/x-c
v1_serial/src/layers_serial.cpp,6dcdfe2eac400aaf10a4e6ec569d568e2416b608,7261,2025-04-22 17:04:50.195255,text/x-c
v1_serial/src/main.o,fcaaa6e40473e3478fa6f97db6ec6a1715714d29,7560,2025-05-09 11:58:09.533843,application/x-object
v1_serial/src/main.cpp,b3fb97aca0b1ab8c6154f22f5a57b593842dbec8,2579,2025-04-22 02:01:11.406908,text/x-c
v1_serial/src/layers_serial.o,ee5a8736f8daf173721db2558dd28d0ff08e92fd,9000,2025-05-09 11:58:10.396009,application/x-object
v1_serial/src/alexnet_serial.cpp,72f5ca85dd107722a8532f33c62326166be951ed,7962,2025-04-22 17:07:40.955222,text/x-c
v1_serial/src/alexnet_serial.o,f4085595dff2e1e6767ad87d5b8ab2259977b83a,21704,2025-05-09 11:58:10.023468,application/x-object
v4_mpi_cuda/logs_v4_test/v4_np1.log,36a49537aa52baf7de5c472d471eb71d279ef6a4,196,2025-05-05 11:44:19.744307,text/plain
v4_mpi_cuda/logs_v4_test/v4_np2.log,350d2659427fb51c546bb990afa780812c6626fc,195,2025-05-05 11:44:20.788648,text/plain
v4_mpi_cuda/logs_v4_test/build.log,9aef6dfe16bbee784e00f2be2f9d11b20d62bed1,2266,2025-05-05 11:44:18.248693,text/plain
v4_mpi_cuda/logs_v4_test/v4_np4.log,e1d7c8d014a50ad1e988c7163efd76fc42423112,195,2025-05-05 11:44:21.898947,text/plain
v4_mpi_cuda/include/layers.hpp,bbb48ec7c0395be858a48777442bca431678f57b,869,2025-05-05 11:07:12.728483,text/x-c
v4_mpi_cuda/include/alexnet.hpp,30e22265a4a9df11d49d52b57950f7907ffd5a19,1163,2025-04-29 16:45:03.389843,text/x-c
v4_mpi_cuda/src/main_mpi_cuda.o,3b78bd713c4bcf381e075222e44f3be1ef7f4c0e,160520,2025-05-09 11:58:28.197498,application/x-object
v4_mpi_cuda/src/layers_mpi_cuda.o,610e12f94d6c96b41f36aea19fa2749700574199,31992,2025-05-09 11:58:32.259273,application/x-object
v4_mpi_cuda/src/main_mpi_cuda.cpp,19fa6df8f8c24adda52ec11237a8a2d54b3a2f0c,7863,2025-05-05 11:44:03.959693,text/x-c
v4_mpi_cuda/src/layers_mpi_cuda.cu,dd33899972d7c9582007e66a49eb116c1fbead37,6254,2025-04-24 13:25:53.623873,text/x-c
v4_mpi_cuda/src/alexnet_mpi_cuda.o,c95ae41b7f3966adcbb91486fa291a15345c87d0,44264,2025-05-09 11:58:30.408685,application/x-object
v4_mpi_cuda/src/alexnet_mpi_cuda.cu,8ffcdc4e0114914e4a850c07311ae735361eada8,23014,2025-04-29 16:45:40.733993,text/x-c
v3_cuda_only/include/layers.hpp,793cfd24ac715631dfc016c03a16a28d0e6491e3,745,2025-04-22 16:14:48.826000,text/x-c
v3_cuda_only/include/alexnet.hpp,8fce36eaa173ce277f4566e3be9deb25a208a27a,673,2025-04-22 16:14:43.516003,text/x-c
v3_cuda_only/src/alexnet_cuda.cu,da03f517987903c7d59371ff3ffa1716daa1c881,4098,2025-04-22 17:06:55.635234,text/x-c
v3_cuda_only/src/layers_cuda.cu,d325e07e94738ccc0aa1f4d63a80d66e3433bce0,4254,2025-04-22 16:16:04.745984,text/x-c
v3_cuda_only/src/main_cuda.cpp,7fdd4ee27994ff73ac9ed1d6090225ecf185ea8a,1401,2025-04-22 16:14:52.655994,text/x-c
v3_cuda_only/src/layers_cuda.o,500e8dedc462c1b373e2a9872b62594b3ae509ec,39336,2025-05-09 11:58:25.932900,application/x-object
v3_cuda_only/src/alexnet_cuda.o,5054a49692757a78bca137a114d4acaa11ce337b,9576,2025-05-09 11:58:25.003561,application/x-object
v3_cuda_only/src/main_cuda.o,99b7ff9a640d080a27c5f5864b8e59cafed57bb2,7808,2025-05-09 11:58:26.231998,application/x-object
v2_mpi_only/2.1_broadcast_all/Makefile,27c32ef663701ca1d1c46be73d7dda4185196827,613,2025-04-22 13:41:38.293772,text/x-file
v2_mpi_only/2.1_broadcast_all/template,30e3611a5cf9700a6901b0d3c9b6dacbe6134255,109192,2025-05-09 11:58:17.618343,application/x-pie-executable
v2_mpi_only/2.2_scatter_halo/Makefile,2c7c5f4fc3e7ecace451a6b4d4ce9300a78ef58c,545,2025-04-22 13:52:08.894424,text/x-makefile
v2_mpi_only/2.2_scatter_halo/template,eb05b12581a39d88db5a6466c68edce65fe54fe2,113960,2025-05-09 11:58:23.166246,application/x-pie-executable
v2_mpi_only/2.1_broadcast_all/include/layers.hpp,2ea28956ad6a3772af08c470c06e54a20e3cd502,746,2025-04-22 13:41:45.244740,text/x-c
v2_mpi_only/2.1_broadcast_all/include/alexnet.hpp,39506d4b2f06f3b4169c710cbc34b4c3c05c5bf5,1350,2025-04-22 17:37:46.820584,text/x-c
v2_mpi_only/2.1_broadcast_all/src/layers_mpi.o,ad903539938ce88639d7a3a138b32eceeecb207e,4184,2025-05-09 11:58:17.417029,application/x-object
v2_mpi_only/2.1_broadcast_all/src/main.o,74234207fcef9e01c01203fb4b38aa4de7f2f512,150504,2025-05-09 11:58:17.088568,application/x-object
v2_mpi_only/2.1_broadcast_all/src/alexnet_mpi.cpp,700f2f6a775141ced39492ee6dba7d293d6e106a,1857,2025-04-22 13:41:55.676113,text/x-c
v2_mpi_only/2.1_broadcast_all/src/main.cpp,95699c9105a1d4f44ee040e891e7ddec12bc683d,4948,2025-04-23 17:11:45.516437,text/x-c
v2_mpi_only/2.1_broadcast_all/src/layers_mpi.cpp,38a8fe97ec01164ad526e4a4dcc1e971062677cd,3226,2025-04-22 13:41:59.794901,text/x-c
v2_mpi_only/2.1_broadcast_all/src/alexnet_mpi.o,faeb3a8e19c0a6b70f1fc04f2c33f76331181d08,7760,2025-05-09 11:58:17.226310,application/x-object
v2_mpi_only/2.2_scatter_halo/include/layers.hpp,2ea28956ad6a3772af08c470c06e54a20e3cd502,746,2025-04-22 13:52:20.986363,text/x-c
v2_mpi_only/2.2_scatter_halo/include/alexnet.hpp,752a8b2cffd1e000db93b40b51b4b70b025f7206,1372,2025-04-22 17:39:33.804367,text/x-c
v2_mpi_only/2.2_scatter_halo/src/layers_mpi.o,ad903539938ce88639d7a3a138b32eceeecb207e,4184,2025-05-09 11:58:22.973969,application/x-object
v2_mpi_only/2.2_scatter_halo/src/main.o,cdd24b7b77b5ed76524877eaf636cea626df7296,165304,2025-05-09 11:58:22.642824,application/x-object
v2_mpi_only/2.2_scatter_halo/src/alexnet_mpi.cpp,a0b43b0f77d695dc9b1599157b83d5abc7551624,1606,2025-04-22 13:52:43.528660,text/x-c
v2_mpi_only/2.2_scatter_halo/src/main.cpp,d5d5b167766da4368287f88f9e674ed93f775abe,16500,2025-04-23 17:11:45.516437,text/x-c
v2_mpi_only/2.2_scatter_halo/src/layers_mpi.cpp,fe96636f70b1943d95f76112b23b2cf2a3fcde13,2973,2025-04-22 13:52:49.243707,text/x-c
v2_mpi_only/2.2_scatter_halo/src/alexnet_mpi.o,faeb3a8e19c0a6b70f1fc04f2c33f76331181d08,7760,2025-05-09 11:58:22.781691,application/x-object
logs/run_20250509_105320_DESKTOP-B5PMJB5/make_v2_2.2_scatter_halo_np2.log,d5d09db9ed732a07939d61d4d9d083d408d69e1b,494,2025-05-09 10:53:33.484098,text/plain
logs/run_20250509_105320_DESKTOP-B5PMJB5/make_v2_2.1_broadcast_all_np2.log,23b3a589b16d86421368bc515f759192cd211667,534,2025-05-09 10:53:25.549273,text/plain
logs/run_20250509_105320_DESKTOP-B5PMJB5/run_v2_2.1_broadcast_all_np4.log,2ef30a39dac8c7445cd21b425151f19c367876cf,99,2025-05-09 10:53:29.575426,text/plain
logs/run_20250509_105320_DESKTOP-B5PMJB5/make_v2_2.2_scatter_halo_np4.log,d5d09db9ed732a07939d61d4d9d083d408d69e1b,494,2025-05-09 10:53:35.889098,text/plain
logs/run_20250509_105320_DESKTOP-B5PMJB5/run_v4_np2.log,437014ec46c78b6630e821df6d52d5fd3170b2d0,758,2025-05-09 10:53:46.704315,text/plain
logs/run_20250509_105320_DESKTOP-B5PMJB5/make_v2_2.1_broadcast_all_np4.log,23b3a589b16d86421368bc515f759192cd211667,534,2025-05-09 10:53:28.138439,text/plain
logs/run_20250509_105320_DESKTOP-B5PMJB5/run_v2_2.1_broadcast_all_np2.log,ddd1b28276884bc66ebceb82752f4ef6f4c075ff,99,2025-05-09 10:53:26.870939,text/plain
logs/run_20250509_105320_DESKTOP-B5PMJB5/make_v4.log,1f569e2c90d7c0a1fb49ff721ce0b2f52264fdbb,5253,2025-05-09 10:53:43.387326,text/plain
logs/run_20250509_105320_DESKTOP-B5PMJB5/run_v2_2.2_scatter_halo_np1.log,ec81c15e2c36d82c2ad4c30292aa31338728ef7f,99,2025-05-09 10:53:31.978265,text/plain
logs/run_20250509_105320_DESKTOP-B5PMJB5/make_v3.log,b893a4214ee45d3fdd20d0fde6f7818206487e64,1115,2025-05-09 10:53:38.761745,text/plain
logs/run_20250509_105320_DESKTOP-B5PMJB5/run_v1_np1.log,94ac240ee8cdabd26b30d193c484149b9dfcb65a,894,2025-05-09 10:53:22.042506,text/plain
logs/run_20250509_105320_DESKTOP-B5PMJB5/run_v4_np1.log,2e3a60cdb3ea9ef843c13eb5ebdd2f8a92dbba2d,481,2025-05-09 10:53:44.665659,text/plain
logs/run_20250509_105320_DESKTOP-B5PMJB5/run_v2_2.2_scatter_halo_np4.log,877ef0c98e79b6fe9b6bfb40b94d0773f5798d0a,214,2025-05-09 10:53:36.755765,text/plain
logs/run_20250509_105320_DESKTOP-B5PMJB5/make_v1.log,6fc0d870f93c28cc5a8269198e47d12cbfa580a8,353,2025-05-09 10:53:21.201986,text/plain
logs/run_20250509_105320_DESKTOP-B5PMJB5/make_v2_2.2_scatter_halo_np1.log,d5d09db9ed732a07939d61d4d9d083d408d69e1b,494,2025-05-09 10:53:30.975425,text/plain
logs/run_20250509_105320_DESKTOP-B5PMJB5/run_v2_2.2_scatter_halo_np2.log,9eb8c8f7f4174f1a2b175a57b389efa51d2a971f,215,2025-05-09 10:53:34.361598,text/plain
logs/run_20250509_105320_DESKTOP-B5PMJB5/run_v2_2.1_broadcast_all_np1.log,63527a22a9755e4c1335139d31e981150a902a4b,99,2025-05-09 10:53:24.335939,text/plain
logs/run_20250509_105320_DESKTOP-B5PMJB5/make_v2_2.1_broadcast_all_np1.log,23b3a589b16d86421368bc515f759192cd211667,534,2025-05-09 10:53:23.122606,text/plain
logs/run_20250509_105320_DESKTOP-B5PMJB5/run_v3_np1.log,3062bed96acd082f185e1312b49a23d340a35db8,92,2025-05-09 10:53:39.729558,text/plain
logs/run_20250509_105320_DESKTOP-B5PMJB5/run_v4_np4.log,205cfdbd133a267b5ba83318dc876ef254815be6,921,2025-05-09 10:53:47.710605,text/plain
logs/multirun_20250509_122238_nixos/main_orchestration.log,4208c891d617709172793e26d88c0d4cd0a3a8ab,4514,2025-05-09 16:17:49.383529,text/plain
logs/multirun_20250509_122238_nixos/mpi_cluster_hosts.txt,635a3f00bd10f1b3bd7427a034f1be5d708b5507,43,2025-05-09 16:17:49.383529,text/plain
logs/multirun_20250509_122238_nixos/make_v4_mpi_cuda_multi_arch.log,60313d908643c904dde77bafe9d3378f45cfe67a,3211,2025-05-09 16:17:49.383529,text/plain
logs/multirun_20250509_122238_nixos/run_v4_mpi_cuda_multi_np2.log,3103dbb78d248e4f7330567d8c18302d35e0e50c,295,2025-05-09 16:17:49.383529,text/plain
logs/fullsuite_20250509_124206_nixos/make_v2_2.1_broadcast_all_np2.log,c7a8acc523abc42c83fecdbfd580c5593296c6ba,1053,2025-05-09 16:17:49.383529,text/plain
logs/fullsuite_20250509_124206_nixos/main_orchestration.log,cb1298bf5ac611b946df6b4f2fea74074b7f1825,3291,2025-05-09 16:17:49.383529,text/plain
logs/fullsuite_20250509_124206_nixos/mpi_cluster_hosts.txt,635a3f00bd10f1b3bd7427a034f1be5d708b5507,43,2025-05-09 16:17:49.383529,text/plain
logs/fullsuite_20250509_124206_nixos/run_v1_np1.log,17f283a4e2b17ef316c383e9e2df29f21023635e,895,2025-05-09 16:17:49.383529,text/plain
logs/fullsuite_20250509_124206_nixos/make_v1.log,0de80caa4dc71106db588e20f037922ae1bd069e,798,2025-05-09 16:17:49.383529,text/plain
logs/fullsuite_20250509_124206_nixos/run_v2_2.1_broadcast_all_np1.log,65c5a6bdddd926a48d92be0e287d086c608d3e0d,581,2025-05-09 16:17:49.383529,text/plain
logs/fullsuite_20250509_124206_nixos/make_v2_2.1_broadcast_all_np1.log,c7a8acc523abc42c83fecdbfd580c5593296c6ba,1053,2025-05-09 16:17:49.383529,text/plain
logs/run_20250509_115115_nixos/make_v2_2.2_scatter_halo_np2.log,d5d09db9ed732a07939d61d4d9d083d408d69e1b,494,2025-05-09 11:58:06.713176,text/plain
logs/run_20250509_115115_nixos/make_v2_2.1_broadcast_all_np2.log,23b3a589b16d86421368bc515f759192cd211667,534,2025-05-09 11:58:06.713176,text/plain
logs/run_20250509_115115_nixos/run_v2_2.1_broadcast_all_np4.log,52b9d136d8f520d4f8949d5c4c540060c7f69aa3,99,2025-05-09 11:58:06.713176,text/plain
logs/run_20250509_115115_nixos/make_v2_2.2_scatter_halo_np4.log,d5d09db9ed732a07939d61d4d9d083d408d69e1b,494,2025-05-09 11:58:06.713176,text/plain
logs/run_20250509_115115_nixos/run_v4_np2.log,4e34b0e1be4f8bbb56ec2b1f60b64b28857e75aa,934,2025-05-09 11:58:06.713176,application/octet-stream
logs/run_20250509_115115_nixos/make_v2_2.1_broadcast_all_np4.log,23b3a589b16d86421368bc515f759192cd211667,534,2025-05-09 11:58:06.713176,text/plain
logs/run_20250509_115115_nixos/run_v2_2.1_broadcast_all_np2.log,1f6397b692e3fa733c02ea38dc8bd2cee02c9ab9,99,2025-05-09 11:58:06.713176,text/plain
logs/run_20250509_115115_nixos/make_v4.log,ef8a997ba49f4cc8d733ec7e4ca1ff7b1b23100d,2223,2025-05-09 11:58:06.713176,text/plain
logs/run_20250509_115115_nixos/run_v2_2.2_scatter_halo_np1.log,01d3a7b241b7bd3f909286c91fe4761b63b525c6,99,2025-05-09 11:58:06.713176,text/plain
logs/run_20250509_115115_nixos/make_v3.log,02b05e57fcb51159950ff514b8f6aa625033fdcd,405,2025-05-09 11:58:06.713176,text/plain
logs/run_20250509_115115_nixos/run_v1_np1.log,a4badc8dbf41843f26c89a002f79b9ef4c692e9a,893,2025-05-09 11:58:06.713176,text/plain
logs/run_20250509_115115_nixos/run_v4_np1.log,b5607a10550806951fcf85cd98e941b2ffd6c504,854,2025-05-09 11:58:06.713176,application/octet-stream
logs/run_20250509_115115_nixos/run_v2_2.2_scatter_halo_np4.log,e6139fb921b45b0ed388182227bbf3a1c3959360,215,2025-05-09 11:58:06.713176,text/plain
logs/run_20250509_115115_nixos/make_v1.log,6fc0d870f93c28cc5a8269198e47d12cbfa580a8,353,2025-05-09 11:58:06.713176,text/plain
logs/run_20250509_115115_nixos/make_v2_2.2_scatter_halo_np1.log,d5d09db9ed732a07939d61d4d9d083d408d69e1b,494,2025-05-09 11:58:06.713176,text/plain
logs/run_20250509_115115_nixos/run_v2_2.2_scatter_halo_np2.log,4da52806df69be812cb4f05e29edb9e5e56e9f98,215,2025-05-09 11:58:06.713176,text/plain
logs/run_20250509_115115_nixos/run_v2_2.1_broadcast_all_np1.log,c4f66f5168db10203542ee67ccd9c0f9864abee5,99,2025-05-09 11:58:06.713176,text/plain
logs/run_20250509_115115_nixos/make_v2_2.1_broadcast_all_np1.log,23b3a589b16d86421368bc515f759192cd211667,534,2025-05-09 11:58:06.713176,text/plain
logs/run_20250509_115115_nixos/run_v3_np1.log,63d071658b4be48a08b013f8e16e73dffc5ed572,162,2025-05-09 11:58:06.713176,text/plain
logs/run_20250509_115115_nixos/run_v4_np4.log,259863ab6dcfe6769b7f77322b7344ccdb6a6407,1014,2025-05-09 11:58:06.713176,application/octet-stream
logs/run_20250509_115507_nixos/make_v2_2.2_scatter_halo_np2.log,d5d09db9ed732a07939d61d4d9d083d408d69e1b,494,2025-05-09 11:58:06.713176,text/plain
logs/run_20250509_115507_nixos/make_v2_2.1_broadcast_all_np2.log,23b3a589b16d86421368bc515f759192cd211667,534,2025-05-09 11:58:06.713176,text/plain
logs/run_20250509_115507_nixos/run_v2_2.1_broadcast_all_np4.log,013f3acb7fc2f29e62376a44982a58a1670a24b5,99,2025-05-09 11:58:06.713176,text/plain
logs/run_20250509_115507_nixos/make_v2_2.2_scatter_halo_np4.log,d5d09db9ed732a07939d61d4d9d083d408d69e1b,494,2025-05-09 11:58:06.713176,text/plain
logs/run_20250509_115507_nixos/run_v4_np2.log,66995d97a3050770f801831b005b6b92a6198c54,195,2025-05-09 11:58:06.713176,text/plain
logs/run_20250509_115507_nixos/make_v2_2.1_broadcast_all_np4.log,23b3a589b16d86421368bc515f759192cd211667,534,2025-05-09 11:58:06.713176,text/plain
logs/run_20250509_115507_nixos/run_v2_2.1_broadcast_all_np2.log,acd64e20f9d48913ccaed06a3eda53275e1946f5,99,2025-05-09 11:58:06.713176,text/plain
logs/run_20250509_115507_nixos/make_v4.log,741d8e85a9707998bad93ee173bda5268e64696e,2527,2025-05-09 11:58:06.713176,text/plain
logs/run_20250509_115507_nixos/run_v2_2.2_scatter_halo_np1.log,d4d24b88c5e89d8d38ab819cc6bfb0539ce90371,99,2025-05-09 11:58:06.713176,text/plain
logs/run_20250509_115507_nixos/make_v3.log,02b05e57fcb51159950ff514b8f6aa625033fdcd,405,2025-05-09 11:58:06.713176,text/plain
logs/run_20250509_115507_nixos/run_v1_np1.log,28cd4eb4bd98120e1b1c648d00152333977105fc,893,2025-05-09 11:58:06.713176,text/plain
logs/run_20250509_115507_nixos/run_v4_np1.log,c9366f8044427c6169a6a1f7d35d79e5d6a4db0a,196,2025-05-09 11:58:06.713176,text/plain
logs/run_20250509_115507_nixos/run_v2_2.2_scatter_halo_np4.log,a141c436f27b72b31e443638e3250ddacfeaa221,215,2025-05-09 11:58:06.713176,text/plain
logs/run_20250509_115507_nixos/make_v1.log,6fc0d870f93c28cc5a8269198e47d12cbfa580a8,353,2025-05-09 11:58:06.713176,text/plain
logs/run_20250509_115507_nixos/make_v2_2.2_scatter_halo_np1.log,d5d09db9ed732a07939d61d4d9d083d408d69e1b,494,2025-05-09 11:58:06.713176,text/plain
logs/run_20250509_115507_nixos/run_v2_2.2_scatter_halo_np2.log,676d21657ac9c9bda323078e74dc29f338fb723a,215,2025-05-09 11:58:06.713176,text/plain
logs/run_20250509_115507_nixos/run_v2_2.1_broadcast_all_np1.log,39c41989e8429dfbcd0dc26f61716254b26c03b4,99,2025-05-09 11:58:06.713176,text/plain
logs/run_20250509_115507_nixos/make_v2_2.1_broadcast_all_np1.log,23b3a589b16d86421368bc515f759192cd211667,534,2025-05-09 11:58:06.713176,text/plain
logs/run_20250509_115507_nixos/run_v3_np1.log,aff98b51718402a2b153a4912b26fb4981d4011d,162,2025-05-09 11:58:06.713176,text/plain
logs/run_20250509_115507_nixos/run_v4_np4.log,406f807ba2784ca33a22212c65f51f8693693c22,195,2025-05-09 11:58:06.713176,text/plain
logs/run_20250508_185059_nixos/make_v2_2.2_scatter_halo_np2.log,d5d09db9ed732a07939d61d4d9d083d408d69e1b,494,2025-05-09 10:47:28.262221,text/plain
logs/run_20250508_185059_nixos/make_v2_2.1_broadcast_all_np2.log,23b3a589b16d86421368bc515f759192cd211667,534,2025-05-09 10:47:28.262221,text/plain
logs/run_20250508_185059_nixos/run_v2_2.1_broadcast_all_np4.log,434f8789af52546c952404d79e22f62f460ccf45,99,2025-05-09 10:47:28.262221,text/plain
logs/run_20250508_185059_nixos/make_v2_2.2_scatter_halo_np4.log,d5d09db9ed732a07939d61d4d9d083d408d69e1b,494,2025-05-09 10:47:28.262221,text/plain
logs/run_20250508_185059_nixos/run_v4_np2.log,2e9ccf844edcce423a17eaedfcbeaaa44244a05d,195,2025-05-09 10:47:28.262221,text/plain
logs/run_20250508_185059_nixos/make_v2_2.1_broadcast_all_np4.log,23b3a589b16d86421368bc515f759192cd211667,534,2025-05-09 10:47:28.262221,text/plain
logs/run_20250508_185059_nixos/run_v2_2.1_broadcast_all_np2.log,1ff22958c14eddcfb898270fa7346796485e1462,99,2025-05-09 10:47:28.262221,text/plain
logs/run_20250508_185059_nixos/make_v4.log,363ee91751f21600055706a266effce475f80b71,1978,2025-05-09 10:47:28.262221,text/plain
logs/run_20250508_185059_nixos/run_v2_2.2_scatter_halo_np1.log,b92933f012f446e83aabe4945030a7bce6dfbda6,99,2025-05-09 10:47:28.262221,text/plain
logs/run_20250508_185059_nixos/make_v3.log,a08cf38fc1f6bf55e9bbc2df95c3be87b9d2fbd1,367,2025-05-09 10:47:28.262221,text/plain
logs/run_20250508_185059_nixos/run_v1_np1.log,459afd4bfd9bf8f9d69432b9d4ac11f30628c3dc,894,2025-05-09 10:47:28.262221,text/plain
logs/run_20250508_185059_nixos/run_v4_np1.log,c7648738c0a2c8a140ad36f489b7ed017cbe99d4,196,2025-05-09 10:47:28.262221,text/plain
logs/run_20250508_185059_nixos/run_v2_2.2_scatter_halo_np4.log,49b3c9676228de62e7862cd4d02356d4ac28f634,214,2025-05-09 10:47:28.262221,text/plain
logs/run_20250508_185059_nixos/make_v1.log,6fc0d870f93c28cc5a8269198e47d12cbfa580a8,353,2025-05-09 10:47:28.262221,text/plain
logs/run_20250508_185059_nixos/make_v2_2.2_scatter_halo_np1.log,d5d09db9ed732a07939d61d4d9d083d408d69e1b,494,2025-05-09 10:47:28.262221,text/plain
logs/run_20250508_185059_nixos/run_v2_2.2_scatter_halo_np2.log,7170918e64a99cc40c21584c19653c3b560313f2,215,2025-05-09 10:47:28.262221,text/plain
logs/run_20250508_185059_nixos/run_v2_2.1_broadcast_all_np1.log,20014d8fc798dfd5c9ecb6b0ca0d92175b6ffb8c,99,2025-05-09 10:47:28.262221,text/plain
logs/run_20250508_185059_nixos/make_v2_2.1_broadcast_all_np1.log,23b3a589b16d86421368bc515f759192cd211667,534,2025-05-09 10:47:28.262221,text/plain
logs/run_20250508_185059_nixos/run_v3_np1.log,9614ccbfe0dbed091d6ce166a9ae704f440e54fd,162,2025-05-09 10:47:28.262221,text/plain
logs/run_20250508_185059_nixos/run_v4_np4.log,bdf1cf3721a23391cceee8e14163a8e769eac0d4,195,2025-05-09 10:47:28.262221,text/plain
logs/run_20250509_105256_nixos/make_v2_2.2_scatter_halo_np2.log,d5d09db9ed732a07939d61d4d9d083d408d69e1b,494,2025-05-09 11:58:06.713176,text/plain
logs/run_20250509_105256_nixos/make_v2_2.1_broadcast_all_np2.log,23b3a589b16d86421368bc515f759192cd211667,534,2025-05-09 11:58:06.713176,text/plain
logs/run_20250509_105256_nixos/run_v2_2.1_broadcast_all_np4.log,00982f4e3b75deb04ec8b502391e4016fbcd8b78,98,2025-05-09 11:58:06.713176,text/plain
logs/run_20250509_105256_nixos/make_v2_2.2_scatter_halo_np4.log,d5d09db9ed732a07939d61d4d9d083d408d69e1b,494,2025-05-09 11:58:06.713176,text/plain
logs/run_20250509_105256_nixos/run_v4_np2.log,f2f7359bd90950ef859297d344c17d3095edcad9,195,2025-05-09 11:58:06.713176,text/plain
logs/run_20250509_105256_nixos/make_v2_2.1_broadcast_all_np4.log,23b3a589b16d86421368bc515f759192cd211667,534,2025-05-09 11:58:06.713176,text/plain
logs/run_20250509_105256_nixos/run_v2_2.1_broadcast_all_np2.log,92e5c242a2b265b36eaa87e7c81d0b12391f9652,99,2025-05-09 11:58:06.713176,text/plain
logs/run_20250509_105256_nixos/make_v4.log,363ee91751f21600055706a266effce475f80b71,1978,2025-05-09 11:58:06.713176,text/plain
logs/run_20250509_105256_nixos/run_v2_2.2_scatter_halo_np1.log,aa7f3e2739793ad902c0795b30815c1439ce4059,99,2025-05-09 11:58:06.713176,text/plain
logs/run_20250509_105256_nixos/make_v3.log,a08cf38fc1f6bf55e9bbc2df95c3be87b9d2fbd1,367,2025-05-09 11:58:06.713176,text/plain
logs/run_20250509_105256_nixos/run_v1_np1.log,aec437107df446ed41019ed484c1a46ee044fe6a,894,2025-05-09 11:58:06.713176,text/plain
logs/run_20250509_105256_nixos/run_v4_np1.log,ac4c90b41c62f46aca13a188c5e3a0baddfb72c6,196,2025-05-09 11:58:06.713176,text/plain
logs/run_20250509_105256_nixos/run_v2_2.2_scatter_halo_np4.log,0bb0f16d7362aaf72d91d4fd802a9a0a6f7e8b0c,214,2025-05-09 11:58:06.713176,text/plain
logs/run_20250509_105256_nixos/make_v1.log,6fc0d870f93c28cc5a8269198e47d12cbfa580a8,353,2025-05-09 11:58:06.713176,text/plain
logs/run_20250509_105256_nixos/make_v2_2.2_scatter_halo_np1.log,d5d09db9ed732a07939d61d4d9d083d408d69e1b,494,2025-05-09 11:58:06.713176,text/plain
logs/run_20250509_105256_nixos/run_v2_2.2_scatter_halo_np2.log,ec50097bf9d3d302f877e466113dcd9a47e123f3,215,2025-05-09 11:58:06.713176,text/plain
logs/run_20250509_105256_nixos/run_v2_2.1_broadcast_all_np1.log,6bd4e3b37abc8f1048fd1888672ba58affec0f55,99,2025-05-09 11:58:06.713176,text/plain
logs/run_20250509_105256_nixos/make_v2_2.1_broadcast_all_np1.log,23b3a589b16d86421368bc515f759192cd211667,534,2025-05-09 11:58:06.713176,text/plain
logs/run_20250509_105256_nixos/run_v3_np1.log,2af2712fc2b8fb75468b4b68cb8b79a16f5029c5,162,2025-05-09 11:58:06.713176,text/plain
logs/run_20250509_105256_nixos/run_v4_np4.log,3960b50e4d35dffaed282e05f772eaf9cd524a8c,195,2025-05-09 11:58:06.713176,text/plain
logs/run_20250509_114103_nixos/make_v2_2.2_scatter_halo_np2.log,d5d09db9ed732a07939d61d4d9d083d408d69e1b,494,2025-05-09 11:58:06.713176,text/plain
logs/run_20250509_114103_nixos/make_v2_2.1_broadcast_all_np2.log,23b3a589b16d86421368bc515f759192cd211667,534,2025-05-09 11:58:06.713176,text/plain
logs/run_20250509_114103_nixos/run_v2_2.1_broadcast_all_np4.log,7620e13b82049a8b387acfa711e3f99f190b8b41,99,2025-05-09 11:58:06.713176,text/plain
logs/run_20250509_114103_nixos/make_v2_2.2_scatter_halo_np4.log,d5d09db9ed732a07939d61d4d9d083d408d69e1b,494,2025-05-09 11:58:06.713176,text/plain
logs/run_20250509_114103_nixos/run_v4_np2.log,cd7c15c8348a0eb4c9406e393c73358febf4ab1d,934,2025-05-09 11:58:06.713176,application/octet-stream
logs/run_20250509_114103_nixos/make_v2_2.1_broadcast_all_np4.log,23b3a589b16d86421368bc515f759192cd211667,534,2025-05-09 11:58:06.713176,text/plain
logs/run_20250509_114103_nixos/run_v2_2.1_broadcast_all_np2.log,8d6e067ff9f2f8662a1b58a0a64d3b688eed61ff,99,2025-05-09 11:58:06.713176,text/plain
logs/run_20250509_114103_nixos/make_v4.log,adb98b51e2a6ee6169639e39304a38502392a543,1838,2025-05-09 11:58:06.713176,text/plain
logs/run_20250509_114103_nixos/run_v2_2.2_scatter_halo_np1.log,349e16e007b10dd89c1b3284606bd95c6e505c37,99,2025-05-09 11:58:06.713176,text/plain
logs/run_20250509_114103_nixos/make_v3.log,02b05e57fcb51159950ff514b8f6aa625033fdcd,405,2025-05-09 11:58:06.713176,text/plain
logs/run_20250509_114103_nixos/run_v1_np1.log,d80590ae4625cc57a4d04e629ba04112edad27b0,891,2025-05-09 11:58:06.713176,text/plain
logs/run_20250509_114103_nixos/run_v4_np1.log,3be2980162255c4f18b12de57ce64e43e110060f,853,2025-05-09 11:58:06.713176,text/plain
logs/run_20250509_114103_nixos/run_v2_2.2_scatter_halo_np4.log,5385a0d2cb44f363ebb69b4bda85de03635c268e,215,2025-05-09 11:58:06.713176,text/plain
logs/run_20250509_114103_nixos/make_v1.log,6fc0d870f93c28cc5a8269198e47d12cbfa580a8,353,2025-05-09 11:58:06.713176,text/plain
logs/run_20250509_114103_nixos/make_v2_2.2_scatter_halo_np1.log,d5d09db9ed732a07939d61d4d9d083d408d69e1b,494,2025-05-09 11:58:06.713176,text/plain
logs/run_20250509_114103_nixos/run_v2_2.2_scatter_halo_np2.log,51a14a1d6652d91525efd01fa8560e8d77b18a75,215,2025-05-09 11:58:06.713176,text/plain
logs/run_20250509_114103_nixos/run_v2_2.1_broadcast_all_np1.log,3f6da443ddd7097628292b216ae69bbe3ca7caf6,99,2025-05-09 11:58:06.713176,text/plain
logs/run_20250509_114103_nixos/make_v2_2.1_broadcast_all_np1.log,23b3a589b16d86421368bc515f759192cd211667,534,2025-05-09 11:58:06.713176,text/plain
logs/run_20250509_114103_nixos/run_v3_np1.log,0a5d9a06badb2fc17682467ef3a1a5cb129ca938,162,2025-05-09 11:58:06.713176,text/plain
logs/run_20250509_114103_nixos/run_v4_np4.log,156b6bc0555c7c96c9e3ee5438bdd2a8e479d3da,1094,2025-05-09 11:58:06.713176,application/octet-stream
logs/multirun_20250509_123153_nixos/main_orchestration.log,d56b5fce7aa28210fa980df552eb8e20fcb64bd2,4468,2025-05-09 16:17:49.383529,text/plain
logs/multirun_20250509_123153_nixos/mpi_cluster_hosts.txt,635a3f00bd10f1b3bd7427a034f1be5d708b5507,43,2025-05-09 16:17:49.383529,text/plain
logs/multirun_20250509_123153_nixos/make_v4_mpi_cuda_multi_arch.log,60313d908643c904dde77bafe9d3378f45cfe67a,3211,2025-05-09 16:17:49.383529,text/plain
logs/multirun_20250509_123153_nixos/run_v4_mpi_cuda_multi_np2.log,b550fbfd6a6b83bc2189510a3fefba6553da9649,296,2025-05-09 16:17:49.383529,text/plain
logs/run_20250509_115808_DESKTOP-B5PMJB5/make_v2_2.2_scatter_halo_np2.log,d5d09db9ed732a07939d61d4d9d083d408d69e1b,494,2025-05-09 11:58:20.711777,text/plain
logs/run_20250509_115808_DESKTOP-B5PMJB5/make_v2_2.1_broadcast_all_np2.log,23b3a589b16d86421368bc515f759192cd211667,534,2025-05-09 11:58:14.905894,text/plain
logs/run_20250509_115808_DESKTOP-B5PMJB5/run_v2_2.1_broadcast_all_np4.log,d09462a800f6d7fa70e00706c762dca0da60e974,100,2025-05-09 11:58:16.812632,text/plain
logs/run_20250509_115808_DESKTOP-B5PMJB5/make_v2_2.2_scatter_halo_np4.log,d5d09db9ed732a07939d61d4d9d083d408d69e1b,494,2025-05-09 11:58:22.973969,text/plain
logs/run_20250509_115808_DESKTOP-B5PMJB5/run_v4_np2.log,31437c99745cc3c99814b2384785cd9cf76c5564,195,2025-05-09 11:58:34.131955,text/plain
logs/run_20250509_115808_DESKTOP-B5PMJB5/make_v2_2.1_broadcast_all_np4.log,23b3a589b16d86421368bc515f759192cd211667,534,2025-05-09 11:58:17.417029,text/plain
logs/run_20250509_115808_DESKTOP-B5PMJB5/run_v2_2.1_broadcast_all_np2.log,ae70c2772d8494b7520335e55ad69a5545d64275,99,2025-05-09 11:58:16.240928,text/plain
logs/run_20250509_115808_DESKTOP-B5PMJB5/make_v4.log,34792a36aadaf868f04f3a28979a82c443260469,5054,2025-05-09 11:58:32.270036,text/plain
logs/run_20250509_115808_DESKTOP-B5PMJB5/run_v2_2.2_scatter_halo_np1.log,45ae789e7095eb7b215ff8e319798c1e27c1e09b,98,2025-05-09 11:58:19.291980,text/plain
logs/run_20250509_115808_DESKTOP-B5PMJB5/make_v3.log,ba67f2e8756360d5d4c7228f1a09c2dd471939d7,405,2025-05-09 11:58:26.231998,text/plain
logs/run_20250509_115808_DESKTOP-B5PMJB5/run_v1_np1.log,7ee8769d168dcc39d9a6d6f9dca043a08f091026,895,2025-05-09 11:58:11.194311,text/plain
logs/run_20250509_115808_DESKTOP-B5PMJB5/run_v4_np1.log,98dd7998eb6080ec652a096a62980e92e7b26927,196,2025-05-09 11:58:33.292477,text/plain
logs/run_20250509_115808_DESKTOP-B5PMJB5/run_v2_2.2_scatter_halo_np4.log,d6cca11f55b3b84cb9f3fb21d45ea7f30106d922,215,2025-05-09 11:58:23.753759,text/plain
logs/run_20250509_115808_DESKTOP-B5PMJB5/make_v1.log,6fc0d870f93c28cc5a8269198e47d12cbfa580a8,353,2025-05-09 11:58:10.396009,text/plain
logs/run_20250509_115808_DESKTOP-B5PMJB5/make_v2_2.2_scatter_halo_np1.log,d5d09db9ed732a07939d61d4d9d083d408d69e1b,494,2025-05-09 11:58:18.274812,text/plain
logs/run_20250509_115808_DESKTOP-B5PMJB5/run_v2_2.2_scatter_halo_np2.log,af0839bcfb87b5c64d1f383d1947b63cdb50bb8e,215,2025-05-09 11:58:21.570013,text/plain
logs/run_20250509_115808_DESKTOP-B5PMJB5/run_v2_2.1_broadcast_all_np1.log,1e10bc9fe977a13eb8b1a465c6b06f5457a863b8,99,2025-05-09 11:58:13.706302,text/plain
logs/run_20250509_115808_DESKTOP-B5PMJB5/make_v2_2.1_broadcast_all_np1.log,23b3a589b16d86421368bc515f759192cd211667,534,2025-05-09 11:58:12.375798,text/plain
logs/run_20250509_115808_DESKTOP-B5PMJB5/run_v3_np1.log,7c8608c90c4025c9fead8c8615cb92f43a920157,162,2025-05-09 11:58:27.054517,text/plain
logs/run_20250509_115808_DESKTOP-B5PMJB5/run_v4_np4.log,6cd618389dcefd923f9b06d85c8fd8ab5b915607,195,2025-05-09 11:58:35.111346,text/plain
logs/run_20250508_185132_nixos/make_v2_2.2_scatter_halo_np2.log,d5d09db9ed732a07939d61d4d9d083d408d69e1b,494,2025-05-09 10:47:28.262221,text/plain
logs/run_20250508_185132_nixos/make_v2_2.1_broadcast_all_np2.log,23b3a589b16d86421368bc515f759192cd211667,534,2025-05-09 10:47:28.262221,text/plain
logs/run_20250508_185132_nixos/run_v2_2.1_broadcast_all_np4.log,319948edae1cd2f999fedce64066ded0fa8f49ce,99,2025-05-09 10:47:28.262221,text/plain
logs/run_20250508_185132_nixos/make_v2_2.2_scatter_halo_np4.log,d5d09db9ed732a07939d61d4d9d083d408d69e1b,494,2025-05-09 10:47:28.262221,text/plain
logs/run_20250508_185132_nixos/run_v4_np2.log,16c4f132a4c1ed6176313026bcd54ba63f13dca2,195,2025-05-09 10:47:28.262221,text/plain
logs/run_20250508_185132_nixos/make_v2_2.1_broadcast_all_np4.log,23b3a589b16d86421368bc515f759192cd211667,534,2025-05-09 10:47:28.262221,text/plain
logs/run_20250508_185132_nixos/run_v2_2.1_broadcast_all_np2.log,28a1ed0c23e8b623f7a4cca13c914765ebe74376,99,2025-05-09 10:47:28.262221,text/plain
logs/run_20250508_185132_nixos/make_v4.log,363ee91751f21600055706a266effce475f80b71,1978,2025-05-09 10:47:28.262221,text/plain
logs/run_20250508_185132_nixos/run_v2_2.2_scatter_halo_np1.log,f74109ae93f6a5ea223463ce6ecbc470f6db264f,99,2025-05-09 10:47:28.262221,text/plain
logs/run_20250508_185132_nixos/make_v3.log,a08cf38fc1f6bf55e9bbc2df95c3be87b9d2fbd1,367,2025-05-09 10:47:28.262221,text/plain
logs/run_20250508_185132_nixos/run_v1_np1.log,387691cc3f3233b44c567ad6d52073dcd78fff99,893,2025-05-09 10:47:28.262221,text/plain
logs/run_20250508_185132_nixos/run_v4_np1.log,b0e623aef84a79209378679822c4a1f6aa89f6ad,196,2025-05-09 10:47:28.262221,text/plain
logs/run_20250508_185132_nixos/run_v2_2.2_scatter_halo_np4.log,5d3678df20bbc0fa980102fec47ed2b547f5de32,215,2025-05-09 10:47:28.262221,text/plain
logs/run_20250508_185132_nixos/make_v1.log,6fc0d870f93c28cc5a8269198e47d12cbfa580a8,353,2025-05-09 10:47:28.262221,text/plain
logs/run_20250508_185132_nixos/make_v2_2.2_scatter_halo_np1.log,d5d09db9ed732a07939d61d4d9d083d408d69e1b,494,2025-05-09 10:47:28.262221,text/plain
logs/run_20250508_185132_nixos/run_v2_2.2_scatter_halo_np2.log,1d5bf5c4afbeb94eacefc36d05ef944e1df81b44,215,2025-05-09 10:47:28.262221,text/plain
logs/run_20250508_185132_nixos/run_v2_2.1_broadcast_all_np1.log,16a3a4f151f730ac4586bbd35f275fd1928f5a4b,99,2025-05-09 10:47:28.262221,text/plain
logs/run_20250508_185132_nixos/make_v2_2.1_broadcast_all_np1.log,23b3a589b16d86421368bc515f759192cd211667,534,2025-05-09 10:47:28.262221,text/plain
logs/run_20250508_185132_nixos/run_v3_np1.log,1a123cf5702e216f919168bea806c571b32474ab,162,2025-05-09 10:47:28.262221,text/plain
logs/run_20250508_185132_nixos/run_v4_np4.log,0028077859e3e81c293cc944cef7349c00f32471,195,2025-05-09 10:47:28.262221,text/plain
logs/fullsuite_20250509_124616_nixos/make_v2_2.2_scatter_halo_np2.log,b592ca27165ad7c861f340de3860fbc4a9de2c94,1009,2025-05-09 16:17:49.383529,text/plain
logs/fullsuite_20250509_124616_nixos/rsync_to_192.168.1.97.log,da39a3ee5e6b4b0d3255bfef95601890afd80709,0,2025-05-09 16:17:49.383529,inode/x-empty
logs/fullsuite_20250509_124616_nixos/make_v2_2.1_broadcast_all_np2.log,c7a8acc523abc42c83fecdbfd580c5593296c6ba,1053,2025-05-09 16:17:49.383529,text/plain
logs/fullsuite_20250509_124616_nixos/main_orchestration.log,e9248c9e4d6097d271e6fdaebbb3d54f9060f1d0,7790,2025-05-09 16:17:49.383529,text/plain
logs/fullsuite_20250509_124616_nixos/run_v4_np2.log,6df6f29bc4f8d668932f9445a99a6eee2bc556f0,296,2025-05-09 16:17:49.383529,text/plain
logs/fullsuite_20250509_124616_nixos/mpi_cluster_hosts.txt,635a3f00bd10f1b3bd7427a034f1be5d708b5507,43,2025-05-09 16:17:49.383529,text/plain
logs/fullsuite_20250509_124616_nixos/run_v2_2.1_broadcast_all_np2.log,d63432d7ba265e9370cb85df35fd23b13242cb36,200,2025-05-09 16:17:49.383529,text/plain
logs/fullsuite_20250509_124616_nixos/make_v4.log,60313d908643c904dde77bafe9d3378f45cfe67a,3211,2025-05-09 16:17:49.383529,text/plain
logs/fullsuite_20250509_124616_nixos/run_v2_2.2_scatter_halo_np1.log,c21e432ab5dd008b6b62df5eba78141a37db9c9f,99,2025-05-09 16:17:49.383529,text/plain
logs/fullsuite_20250509_124616_nixos/make_v3.log,335a110b98d75ff0f33e168192d641e9190adb80,819,2025-05-09 16:17:49.383529,text/plain
logs/fullsuite_20250509_124616_nixos/run_v1_np1.log,d2db5d33d20036056bb9550bc715cf3118a7bfbd,892,2025-05-09 16:17:49.383529,text/plain
logs/fullsuite_20250509_124616_nixos/run_v4_np1.log,1e210bd3bb8689f60e273233b8e24fd34dcee8a1,196,2025-05-09 16:17:49.383529,text/plain
logs/fullsuite_20250509_124616_nixos/make_v1.log,0de80caa4dc71106db588e20f037922ae1bd069e,798,2025-05-09 16:17:49.383529,text/plain
logs/fullsuite_20250509_124616_nixos/make_v2_2.2_scatter_halo_np1.log,b592ca27165ad7c861f340de3860fbc4a9de2c94,1009,2025-05-09 16:17:49.383529,text/plain
logs/fullsuite_20250509_124616_nixos/run_v2_2.2_scatter_halo_np2.log,485af34141fbde04127a414d7a638f9cfef758fa,315,2025-05-09 16:17:49.383529,text/plain
logs/fullsuite_20250509_124616_nixos/run_v2_2.1_broadcast_all_np1.log,ecfd7f03d733f4d5292fbebf4e59e3cb5284ccd2,99,2025-05-09 16:17:49.383529,text/plain
logs/fullsuite_20250509_124616_nixos/make_v2_2.1_broadcast_all_np1.log,c7a8acc523abc42c83fecdbfd580c5593296c6ba,1053,2025-05-09 16:17:49.383529,text/plain
logs/fullsuite_20250509_124616_nixos/run_v3_np1.log,91bad8e5e1d9cc82aefbed8d79b2e1af26b78c41,162,2025-05-09 16:17:49.383529,text/plain
logs/run_20250509_112555_DESKTOP-B5PMJB5/make_v2_2.2_scatter_halo_np2.log,d5d09db9ed732a07939d61d4d9d083d408d69e1b,494,2025-05-09 11:26:08.056444,text/plain
logs/run_20250509_112555_DESKTOP-B5PMJB5/make_v2_2.1_broadcast_all_np2.log,23b3a589b16d86421368bc515f759192cd211667,534,2025-05-09 11:26:02.124605,text/plain
logs/run_20250509_112555_DESKTOP-B5PMJB5/run_v2_2.1_broadcast_all_np4.log,ba24d03191655b5e1a252ee53f45d1d69f8b7c97,99,2025-05-09 11:26:06.034352,text/plain
logs/run_20250509_112555_DESKTOP-B5PMJB5/make_v2_2.2_scatter_halo_np4.log,d5d09db9ed732a07939d61d4d9d083d408d69e1b,494,2025-05-09 11:26:10.356643,text/plain
logs/run_20250509_112555_DESKTOP-B5PMJB5/run_v4_np2.log,7140bbe08f56af21b5c258f647a58aa1c570d395,194,2025-05-09 11:26:23.006890,text/plain
logs/run_20250509_112555_DESKTOP-B5PMJB5/make_v2_2.1_broadcast_all_np4.log,23b3a589b16d86421368bc515f759192cd211667,534,2025-05-09 11:26:04.610694,text/plain
logs/run_20250509_112555_DESKTOP-B5PMJB5/run_v2_2.1_broadcast_all_np2.log,3ab932a41a85f426b968c5df231bd924c3739783,99,2025-05-09 11:26:03.410147,text/plain
logs/run_20250509_112555_DESKTOP-B5PMJB5/make_v4.log,60f97241d76ce71afb58f62882a2949b9a0a9423,5113,2025-05-09 11:26:19.888652,text/plain
logs/run_20250509_112555_DESKTOP-B5PMJB5/run_v2_2.2_scatter_halo_np1.log,f8026da9fc16c6666360632dc6dfa8b441ed5961,99,2025-05-09 11:26:06.625445,text/plain
logs/run_20250509_112555_DESKTOP-B5PMJB5/make_v3.log,ba67f2e8756360d5d4c7228f1a09c2dd471939d7,405,2025-05-09 11:26:13.759242,text/plain
logs/run_20250509_112555_DESKTOP-B5PMJB5/run_v1_np1.log,690bcf0905cd8154f0973e683cb7a1f1c99066c7,891,2025-05-09 11:25:58.363599,text/plain
logs/run_20250509_112555_DESKTOP-B5PMJB5/run_v4_np1.log,5c0358111eebff7afe8a47c4862576818354db92,196,2025-05-09 11:26:22.009072,text/plain
logs/run_20250509_112555_DESKTOP-B5PMJB5/run_v2_2.2_scatter_halo_np4.log,c348f44837661cfb7d4914f22efda4cb83ecd2a0,215,2025-05-09 11:26:11.172843,text/plain
logs/run_20250509_112555_DESKTOP-B5PMJB5/make_v1.log,6fc0d870f93c28cc5a8269198e47d12cbfa580a8,353,2025-05-09 11:25:57.486818,text/plain
logs/run_20250509_112555_DESKTOP-B5PMJB5/make_v2_2.2_scatter_halo_np1.log,d5d09db9ed732a07939d61d4d9d083d408d69e1b,494,2025-05-09 11:26:05.607846,text/plain
logs/run_20250509_112555_DESKTOP-B5PMJB5/run_v2_2.2_scatter_halo_np2.log,d93b747f76ebf30d30ba284d19681dce67471106,215,2025-05-09 11:26:08.915044,text/plain
logs/run_20250509_112555_DESKTOP-B5PMJB5/run_v2_2.1_broadcast_all_np1.log,6eb62b06a6b6b2cf8c30fb1f4c2d1414edc80f03,99,2025-05-09 11:26:00.902809,text/plain
logs/run_20250509_112555_DESKTOP-B5PMJB5/make_v2_2.1_broadcast_all_np1.log,23b3a589b16d86421368bc515f759192cd211667,534,2025-05-09 11:25:59.564146,text/plain
logs/run_20250509_112555_DESKTOP-B5PMJB5/run_v3_np1.log,d2d10a34b2ad60adc593153141fc0d2839c911f7,162,2025-05-09 11:26:14.587601,text/plain
logs/run_20250509_112555_DESKTOP-B5PMJB5/run_v4_np4.log,062cce81362bc72f59fa86102a700b25fc1fbd69,195,2025-05-09 11:26:24.049333,text/plain
